Professor,Dia,Turno,Horário,Disciplina
Prof 1,Segunda,M,1,livre
Prof 1,Segunda,M,2,livre
Prof 1,Segunda,M,3,livre
Prof 1,Segunda,M,4,livre
Prof 1,Segunda,M,5,livre
Prof 1,Segunda,T,1,livre
Prof 1,Segunda,T,2,livre
Prof 1,Segunda,T,3,livre
Prof 1,Segunda,T,4,livre
Prof 1,Segunda,T,5,livre
Prof 1,Segunda,N,1,livre
Prof 1,Segunda,N,2,livre
Prof 1,Segunda,N,3,livre
Prof 1,Segunda,N,4,livre
Prof 1,Segunda,N,5,livre
Prof 1,Terça,M,1,Engenharia de Software I (CCO - 3º período)
Prof 1,Terça,M,2,Engenharia de Software I (CCO - 3º período)
Prof 1,Terça,M,3,Engenharia de Software I (CCO - 3º período)
Prof 1,Terça,M,4,Engenharia de Software I (CCO - 3º período)
Prof 1,Terça,M,5,livre
Prof 1,Terça,T,1,livre
Prof 1,Terça,T,2,livre
Prof 1,Terça,T,3,livre
Prof 1,Terça,T,4,livre
Prof 1,Terça,T,5,livre
Prof 1,Terça,N,1,livre
Prof 1,Terça,N,2,livre
Prof 1,Terça,N,3,livre
Prof 1,Terça,N,4,livre
Prof 1,Terça,N,5,livre
Prof 1,Quarta,M,1,Gerência de Projeto de Software (CCO - 7º período)
Prof 1,Quarta,M,2,Gerência de Projeto de Software (CCO - 7º período)
Prof 1,Quarta,M,3,Gerência de Projeto de Software (CCO - 7º período)
Prof 1,Quarta,M,4,Gerência de Projeto de Software (CCO - 7º período)
Prof 1,Quarta,M,5,livre
Prof 1,Quarta,T,1,livre
Prof 1,Quarta,T,2,livre
Prof 1,Quarta,T,3,livre
Prof 1,Quarta,T,4,livre
Prof 1,Quarta,T,5,livre
Prof 1,Quarta,N,1,livre
Prof 1,Quarta,N,2,livre
Prof 1,Quarta,N,3,livre
Prof 1,Quarta,N,4,livre
Prof 1,Quarta,N,5,livre
Prof 1,Quinta,M,1,Cloud Computing (Optativas - 5º período)
Prof 1,Quinta,M,2,Cloud Computing (Optativas - 5º período)
Prof 1,Quinta,M,3,Cloud Computing (Optativas - 5º período)
Prof 1,Quinta,M,4,Cloud Computing (Optativas - 5º período)
Prof 1,Quinta,M,5,livre
Prof 1,Quinta,T,1,livre
Prof 1,Quinta,T,2,livre
Prof 1,Quinta,T,3,livre
Prof 1,Quinta,T,4,livre
Prof 1,Quinta,T,5,livre
Prof 1,Quinta,N,1,livre
Prof 1,Quinta,N,2,livre
Prof 1,Quinta,N,3,livre
Prof 1,Quinta,N,4,livre
Prof 1,Quinta,N,5,livre
Prof 1,Sexta,M,1,livre
Prof 1,Sexta,M,2,livre
Prof 1,Sexta,M,3,livre
Prof 1,Sexta,M,4,livre
Prof 1,Sexta,M,5,livre
Prof 1,Sexta,T,1,livre
Prof 1,Sexta,T,2,livre
Prof 1,Sexta,T,3,livre
Prof 1,Sexta,T,4,livre
Prof 1,Sexta,T,5,livre
Prof 1,Sexta,N,1,livre
Prof 1,Sexta,N,2,livre
Prof 1,Sexta,N,3,livre
Prof 1,Sexta,N,4,livre
Prof 1,Sexta,N,5,livre
Prof 2,Segunda,M,1,livre
Prof 2,Segunda,M,2,livre
Prof 2,Segunda,M,3,livre
Prof 2,Segunda,M,4,livre
Prof 2,Segunda,M,5,Análise de Investimento em Informática (CCO - 5º período)
Prof 2,Segunda,T,1,livre
Prof 2,Segunda,T,2,livre
Prof 2,Segunda,T,3,livre
Prof 2,Segunda,T,4,livre
Prof 2,Segunda,T,5,livre
Prof 2,Segunda,N,1,livre
Prof 2,Segunda,N,2,livre
Prof 2,Segunda,N,3,livre
Prof 2,Segunda,N,4,livre
Prof 2,Segunda,N,5,livre
Prof 2,Terça,M,1,livre
Prof 2,Terça,M,2,livre
Prof 2,Terça,M,3,livre
Prof 2,Terça,M,4,livre
Prof 2,Terça,M,5,livre
Prof 2,Terça,T,1,livre
Prof 2,Terça,T,2,livre
Prof 2,Terça,T,3,livre
Prof 2,Terça,T,4,livre
Prof 2,Terça,T,5,livre
Prof 2,Terça,N,1,livre
Prof 2,Terça,N,2,livre
Prof 2,Terça,N,3,livre
Prof 2,Terça,N,4,livre
Prof 2,Terça,N,5,Organização e Métodos (SIN - 7º período)
Prof 2,Quarta,M,1,livre
Prof 2,Quarta,M,2,livre
Prof 2,Quarta,M,3,livre
Prof 2,Quarta,M,4,livre
Prof 2,Quarta,M,5,livre
Prof 2,Quarta,T,1,livre
Prof 2,Quarta,T,2,livre
Prof 2,Quarta,T,3,livre
Prof 2,Quarta,T,4,livre
Prof 2,Quarta,T,5,livre
Prof 2,Quarta,N,1,Organização e Métodos (SIN - 7º período)
Prof 2,Quarta,N,2,Organização e Métodos (SIN - 7º período)
Prof 2,Quarta,N,3,livre
Prof 2,Quarta,N,4,livre
Prof 2,Quarta,N,5,livre
Prof 2,Quinta,M,1,Metaheurísticas para Problemas de Otimização (Optativas - 3º período)
Prof 2,Quinta,M,2,Metaheurísticas para Problemas de Otimização (Optativas - 3º período)
Prof 2,Quinta,M,3,Metaheurísticas para Problemas de Otimização (Optativas - 3º período)
Prof 2,Quinta,M,4,Metaheurísticas para Problemas de Otimização (Optativas - 3º período)
Prof 2,Quinta,M,5,livre
Prof 2,Quinta,T,1,Análise de Investimento em Informática (CCO - 5º período)
Prof 2,Quinta,T,2,Análise de Investimento em Informática (CCO - 5º período)
Prof 2,Quinta,T,3,livre
Prof 2,Quinta,T,4,livre
Prof 2,Quinta,T,5,livre
Prof 2,Quinta,N,1,livre
Prof 2,Quinta,N,2,livre
Prof 2,Quinta,N,3,livre
Prof 2,Quinta,N,4,livre
Prof 2,Quinta,N,5,livre
Prof 2,Sexta,M,1,livre
Prof 2,Sexta,M,2,livre
Prof 2,Sexta,M,3,livre
Prof 2,Sexta,M,4,livre
Prof 2,Sexta,M,5,livre
Prof 2,Sexta,T,1,livre
Prof 2,Sexta,T,2,livre
Prof 2,Sexta,T,3,livre
Prof 2,Sexta,T,4,livre
Prof 2,Sexta,T,5,livre
Prof 2,Sexta,N,1,livre
Prof 2,Sexta,N,2,livre
Prof 2,Sexta,N,3,livre
Prof 2,Sexta,N,4,livre
Prof 2,Sexta,N,5,livre
Prof 3,Segunda,M,1,Fundamentos de Programação (EME) (Outros Cursos - 1º período)
Prof 3,Segunda,M,2,Fundamentos de Programação (EME) (Outros Cursos - 1º período)
Prof 3,Segunda,M,3,Fundamentos de Programação (EME) (Outros Cursos - 1º período)
Prof 3,Segunda,M,4,Fundamentos de Programação (EME) (Outros Cursos - 1º período)
Prof 3,Segunda,M,5,livre
Prof 3,Segunda,T,1,livre
Prof 3,Segunda,T,2,livre
Prof 3,Segunda,T,3,livre
Prof 3,Segunda,T,4,livre
Prof 3,Segunda,T,5,livre
Prof 3,Segunda,N,1,livre
Prof 3,Segunda,N,2,livre
Prof 3,Segunda,N,3,livre
Prof 3,Segunda,N,4,livre
Prof 3,Segunda,N,5,livre
Prof 3,Terça,M,1,Fundamentos de Programação (EBP / ECI) (Outros Cursos - 1º período)
Prof 3,Terça,M,2,Fundamentos de Programação (EBP / ECI) (Outros Cursos - 1º período)
Prof 3,Terça,M,3,Fundamentos de Programação (EBP / ECI) (Outros Cursos - 1º período)
Prof 3,Terça,M,4,Fundamentos de Programação (EBP / ECI) (Outros Cursos - 1º período)
Prof 3,Terça,M,5,livre
Prof 3,Terça,T,1,livre
Prof 3,Terça,T,2,livre
Prof 3,Terça,T,3,livre
Prof 3,Terça,T,4,livre
Prof 3,Terça,T,5,livre
Prof 3,Terça,N,1,livre
Prof 3,Terça,N,2,livre
Prof 3,Terça,N,3,livre
Prof 3,Terça,N,4,livre
Prof 3,Terça,N,5,livre
Prof 3,Quarta,M,1,Fundamentos de Programação (EMA / EEN) (Outros Cursos - 1º período)
Prof 3,Quarta,M,2,Fundamentos de Programação (EMA / EEN) (Outros Cursos - 1º período)
Prof 3,Quarta,M,3,Fundamentos de Programação (EMA / EEN) (Outros Cursos - 1º período)
Prof 3,Quarta,M,4,Fundamentos de Programação (EMA / EEN) (Outros Cursos - 1º período)
Prof 3,Quarta,M,5,livre
Prof 3,Quarta,T,1,livre
Prof 3,Quarta,T,2,livre
Prof 3,Quarta,T,3,livre
Prof 3,Quarta,T,4,livre
Prof 3,Quarta,T,5,livre
Prof 3,Quarta,N,1,livre
Prof 3,Quarta,N,2,livre
Prof 3,Quarta,N,3,livre
Prof 3,Quarta,N,4,livre
Prof 3,Quarta,N,5,livre
Prof 3,Quinta,M,1,Fundamentos de Programação (EMT) (Outros Cursos - 1º período)
Prof 3,Quinta,M,2,Fundamentos de Programação (EMT) (Outros Cursos - 1º período)
Prof 3,Quinta,M,3,Fundamentos de Programação (EMT) (Outros Cursos - 1º período)
Prof 3,Quinta,M,4,Fundamentos de Programação (EMT) (Outros Cursos - 1º período)
Prof 3,Quinta,M,5,livre
Prof 3,Quinta,T,1,livre
Prof 3,Quinta,T,2,livre
Prof 3,Quinta,T,3,livre
Prof 3,Quinta,T,4,livre
Prof 3,Quinta,T,5,livre
Prof 3,Quinta,N,1,livre
Prof 3,Quinta,N,2,livre
Prof 3,Quinta,N,3,livre
Prof 3,Quinta,N,4,livre
Prof 3,Quinta,N,5,livre
Prof 3,Sexta,M,1,livre
Prof 3,Sexta,M,2,livre
Prof 3,Sexta,M,3,livre
Prof 3,Sexta,M,4,livre
Prof 3,Sexta,M,5,livre
Prof 3,Sexta,T,1,livre
Prof 3,Sexta,T,2,livre
Prof 3,Sexta,T,3,livre
Prof 3,Sexta,T,4,livre
Prof 3,Sexta,T,5,livre
Prof 3,Sexta,N,1,livre
Prof 3,Sexta,N,2,livre
Prof 3,Sexta,N,3,livre
Prof 3,Sexta,N,4,livre
Prof 3,Sexta,N,5,livre
Prof 4,Segunda,M,1,livre
Prof 4,Segunda,M,2,livre
Prof 4,Segunda,M,3,livre
Prof 4,Segunda,M,4,livre
Prof 4,Segunda,M,5,livre
Prof 4,Segunda,T,1,livre
Prof 4,Segunda,T,2,livre
Prof 4,Segunda,T,3,livre
Prof 4,Segunda,T,4,livre
Prof 4,Segunda,T,5,livre
Prof 4,Segunda,N,1,Redes de Computadores (SIN - 5º período)
Prof 4,Segunda,N,2,Redes de Computadores (SIN - 5º período)
Prof 4,Segunda,N,3,Redes de Computadores (SIN - 5º período)
Prof 4,Segunda,N,4,Redes de Computadores (SIN - 5º período)
Prof 4,Segunda,N,5,livre
Prof 4,Terça,M,1,livre
Prof 4,Terça,M,2,livre
Prof 4,Terça,M,3,livre
Prof 4,Terça,M,4,livre
Prof 4,Terça,M,5,livre
Prof 4,Terça,T,1,livre
Prof 4,Terça,T,2,livre
Prof 4,Terça,T,3,livre
Prof 4,Terça,T,4,livre
Prof 4,Terça,T,5,livre
Prof 4,Terça,N,1,livre
Prof 4,Terça,N,2,livre
Prof 4,Terça,N,3,livre
Prof 4,Terça,N,4,livre
Prof 4,Terça,N,5,livre
Prof 4,Quarta,M,1,livre
Prof 4,Quarta,M,2,livre
Prof 4,Quarta,M,3,livre
Prof 4,Quarta,M,4,livre
Prof 4,Quarta,M,5,livre
Prof 4,Quarta,T,1,livre
Prof 4,Quarta,T,2,livre
Prof 4,Quarta,T,3,livre
Prof 4,Quarta,T,4,livre
Prof 4,Quarta,T,5,livre
Prof 4,Quarta,N,1,livre
Prof 4,Quarta,N,2,livre
Prof 4,Quarta,N,3,Auditoria e Segurança de Sistemas de Informação (SIN - 7º período)
Prof 4,Quarta,N,4,Auditoria e Segurança de Sistemas de Informação (SIN - 7º período)
Prof 4,Quarta,N,5,livre
Prof 4,Quinta,M,1,livre
Prof 4,Quinta,M,2,livre
Prof 4,Quinta,M,3,livre
Prof 4,Quinta,M,4,livre
Prof 4,Quinta,M,5,livre
Prof 4,Quinta,T,1,livre
Prof 4,Quinta,T,2,livre
Prof 4,Quinta,T,3,livre
Prof 4,Quinta,T,4,livre
Prof 4,Quinta,T,5,livre
Prof 4,Quinta,N,1,livre
Prof 4,Quinta,N,2,livre
Prof 4,Quinta,N,3,livre
Prof 4,Quinta,N,4,livre
Prof 4,Quinta,N,5,Auditoria e Segurança de Sistemas de Informação (SIN - 7º período)
Prof 4,Sexta,M,1,Redes de Computadores (CCO - 5º período)
Prof 4,Sexta,M,2,Redes de Computadores (CCO - 5º período)
Prof 4,Sexta,M,3,Redes de Computadores (CCO - 5º período)
Prof 4,Sexta,M,4,Redes de Computadores (CCO - 5º período)
Prof 4,Sexta,M,5,livre
Prof 4,Sexta,T,1,livre
Prof 4,Sexta,T,2,livre
Prof 4,Sexta,T,3,livre
Prof 4,Sexta,T,4,livre
Prof 4,Sexta,T,5,livre
Prof 4,Sexta,N,1,livre
Prof 4,Sexta,N,2,livre
Prof 4,Sexta,N,3,livre
Prof 4,Sexta,N,4,livre
Prof 4,Sexta,N,5,livre
Prof 5,Segunda,M,1,livre
Prof 5,Segunda,M,2,livre
Prof 5,Segunda,M,3,livre
Prof 5,Segunda,M,4,livre
Prof 5,Segunda,M,5,livre
Prof 5,Segunda,T,1,livre
Prof 5,Segunda,T,2,livre
Prof 5,Segunda,T,3,livre
Prof 5,Segunda,T,4,livre
Prof 5,Segunda,T,5,livre
Prof 5,Segunda,N,1,livre
Prof 5,Segunda,N,2,livre
Prof 5,Segunda,N,3,livre
Prof 5,Segunda,N,4,livre
Prof 5,Segunda,N,5,livre
Prof 5,Terça,M,1,Linguagens Formais e Autômatos (CCO - 5º período)
Prof 5,Terça,M,2,Linguagens Formais e Autômatos (CCO - 5º período)
Prof 5,Terça,M,3,Linguagens Formais e Autômatos (CCO - 5º período)
Prof 5,Terça,M,4,Linguagens Formais e Autômatos (CCO - 5º período)
Prof 5,Terça,M,5,livre
Prof 5,Terça,T,1,livre
Prof 5,Terça,T,2,livre
Prof 5,Terça,T,3,livre
Prof 5,Terça,T,4,livre
Prof 5,Terça,T,5,livre
Prof 5,Terça,N,1,livre
Prof 5,Terça,N,2,livre
Prof 5,Terça,N,3,Linguagens Formais e Autômatos (SIN - 5º período)
Prof 5,Terça,N,4,Linguagens Formais e Autômatos (SIN - 5º período)
Prof 5,Terça,N,5,livre
Prof 5,Quarta,M,1,Matemática Discreta (CCO - 1º período)
Prof 5,Quarta,M,2,Matemática Discreta (CCO - 1º período)
Prof 5,Quarta,M,3,Matemática Discreta (CCO - 1º período)
Prof 5,Quarta,M,4,Matemática Discreta (CCO - 1º período)
Prof 5,Quarta,M,5,livre
Prof 5,Quarta,T,1,livre
Prof 5,Quarta,T,2,livre
Prof 5,Quarta,T,3,livre
Prof 5,Quarta,T,4,livre
Prof 5,Quarta,T,5,livre
Prof 5,Quarta,N,1,livre
Prof 5,Quarta,N,2,livre
Prof 5,Quarta,N,3,Linguagens Formais e Autômatos (SIN - 5º período)
Prof 5,Quarta,N,4,Linguagens Formais e Autômatos (SIN - 5º período)
Prof 5,Quarta,N,5,livre
Prof 5,Quinta,M,1,livre
Prof 5,Quinta,M,2,livre
Prof 5,Quinta,M,3,livre
Prof 5,Quinta,M,4,livre
Prof 5,Quinta,M,5,livre
Prof 5,Quinta,T,1,livre
Prof 5,Quinta,T,2,livre
Prof 5,Quinta,T,3,livre
Prof 5,Quinta,T,4,livre
Prof 5,Quinta,T,5,livre
Prof 5,Quinta,N,1,livre
Prof 5,Quinta,N,2,livre
Prof 5,Quinta,N,3,livre
Prof 5,Quinta,N,4,livre
Prof 5,Quinta,N,5,livre
Prof 5,Sexta,M,1,livre
Prof 5,Sexta,M,2,livre
Prof 5,Sexta,M,3,livre
Prof 5,Sexta,M,4,livre
Prof 5,Sexta,M,5,livre
Prof 5,Sexta,T,1,livre
Prof 5,Sexta,T,2,livre
Prof 5,Sexta,T,3,livre
Prof 5,Sexta,T,4,livre
Prof 5,Sexta,T,5,livre
Prof 5,Sexta,N,1,Fundamentos de Lógica e Matemática Discreta (SIN - 3º período)
Prof 5,Sexta,N,2,Fundamentos de Lógica e Matemática Discreta (SIN - 3º período)
Prof 5,Sexta,N,3,Fundamentos de Lógica e Matemática Discreta (SIN - 3º período)
Prof 5,Sexta,N,4,Fundamentos de Lógica e Matemática Discreta (SIN - 3º período)
Prof 5,Sexta,N,5,livre
Prof 6,Segunda,M,1,Robótica (Pós Graduação - 5º período)
Prof 6,Segunda,M,2,Robótica (Pós Graduação - 5º período)
Prof 6,Segunda,M,3,Robótica (Pós Graduação - 5º período)
Prof 6,Segunda,M,4,Robótica (Pós Graduação - 5º período)
Prof 6,Segunda,M,5,livre
Prof 6,Segunda,T,1,livre
Prof 6,Segunda,T,2,livre
Prof 6,Segunda,T,3,livre
Prof 6,Segunda,T,4,livre
Prof 6,Segunda,T,5,livre
Prof 6,Segunda,N,1,livre
Prof 6,Segunda,N,2,livre
Prof 6,Segunda,N,3,livre
Prof 6,Segunda,N,4,livre
Prof 6,Segunda,N,5,livre
Prof 6,Terça,M,1,livre
Prof 6,Terça,M,2,livre
Prof 6,Terça,M,3,livre
Prof 6,Terça,M,4,livre
Prof 6,Terça,M,5,livre
Prof 6,Terça,T,1,livre
Prof 6,Terça,T,2,livre
Prof 6,Terça,T,3,livre
Prof 6,Terça,T,4,livre
Prof 6,Terça,T,5,livre
Prof 6,Terça,N,1,Interação Humano-Computador (SIN - 7º período)
Prof 6,Terça,N,2,Interação Humano-Computador (SIN - 7º período)
Prof 6,Terça,N,3,Interação Humano-Computador (SIN - 7º período)
Prof 6,Terça,N,4,Interação Humano-Computador (SIN - 7º período)
Prof 6,Terça,N,5,livre
Prof 6,Quarta,M,1,livre
Prof 6,Quarta,M,2,livre
Prof 6,Quarta,M,3,livre
Prof 6,Quarta,M,4,livre
Prof 6,Quarta,M,5,livre
Prof 6,Quarta,T,1,livre
Prof 6,Quarta,T,2,livre
Prof 6,Quarta,T,3,livre
Prof 6,Quarta,T,4,livre
Prof 6,Quarta,T,5,livre
Prof 6,Quarta,N,1,livre
Prof 6,Quarta,N,2,livre
Prof 6,Quarta,N,3,livre
Prof 6,Quarta,N,4,livre
Prof 6,Quarta,N,5,livre
Prof 6,Quinta,M,1,Interação Humano-Computador (CCO - 7º período)
Prof 6,Quinta,M,2,Interação Humano-Computador (CCO - 7º período)
Prof 6,Quinta,M,3,Interação Humano-Computador (CCO - 7º período)
Prof 6,Quinta,M,4,Interação Humano-Computador (CCO - 7º período)
Prof 6,Quinta,M,5,livre
Prof 6,Quinta,T,1,livre
Prof 6,Quinta,T,2,livre
Prof 6,Quinta,T,3,livre
Prof 6,Quinta,T,4,livre
Prof 6,Quinta,T,5,livre
Prof 6,Quinta,N,1,livre
Prof 6,Quinta,N,2,livre
Prof 6,Quinta,N,3,Projeto Integrado (SIN - 1º período)
Prof 6,Quinta,N,4,Projeto Integrado (SIN - 1º período)
Prof 6,Quinta,N,5,livre
Prof 6,Sexta,M,1,livre
Prof 6,Sexta,M,2,livre
Prof 6,Sexta,M,3,livre
Prof 6,Sexta,M,4,livre
Prof 6,Sexta,M,5,livre
Prof 6,Sexta,T,1,livre
Prof 6,Sexta,T,2,livre
Prof 6,Sexta,T,3,livre
Prof 6,Sexta,T,4,livre
Prof 6,Sexta,T,5,livre
Prof 6,Sexta,N,1,livre
Prof 6,Sexta,N,2,livre
Prof 6,Sexta,N,3,livre
Prof 6,Sexta,N,4,livre
Prof 6,Sexta,N,5,livre
Prof 7,Segunda,M,1,livre
Prof 7,Segunda,M,2,livre
Prof 7,Segunda,M,3,livre
Prof 7,Segunda,M,4,livre
Prof 7,Segunda,M,5,livre
Prof 7,Segunda,T,1,livre
Prof 7,Segunda,T,2,livre
Prof 7,Segunda,T,3,livre
Prof 7,Segunda,T,4,livre
Prof 7,Segunda,T,5,livre
Prof 7,Segunda,N,1,livre
Prof 7,Segunda,N,2,livre
Prof 7,Segunda,N,3,livre
Prof 7,Segunda,N,4,livre
Prof 7,Segunda,N,5,livre
Prof 7,Terça,M,1,Processamento Digital de Imagens (CCO - 7º período)
Prof 7,Terça,M,2,Processamento Digital de Imagens (CCO - 7º período)
Prof 7,Terça,M,3,Processamento Digital de Imagens (CCO - 7º período)
Prof 7,Terça,M,4,Processamento Digital de Imagens (CCO - 7º período)
Prof 7,Terça,M,5,livre
Prof 7,Terça,T,1,livre
Prof 7,Terça,T,2,livre
Prof 7,Terça,T,3,livre
Prof 7,Terça,T,4,livre
Prof 7,Terça,T,5,livre
Prof 7,Terça,N,1,livre
Prof 7,Terça,N,2,livre
Prof 7,Terça,N,3,livre
Prof 7,Terça,N,4,livre
Prof 7,Terça,N,5,livre
Prof 7,Quarta,M,1,livre
Prof 7,Quarta,M,2,livre
Prof 7,Quarta,M,3,livre
Prof 7,Quarta,M,4,livre
Prof 7,Quarta,M,5,livre
Prof 7,Quarta,T,1,livre
Prof 7,Quarta,T,2,livre
Prof 7,Quarta,T,3,livre
Prof 7,Quarta,T,4,livre
Prof 7,Quarta,T,5,livre
Prof 7,Quarta,N,1,livre
Prof 7,Quarta,N,2,livre
Prof 7,Quarta,N,3,livre
Prof 7,Quarta,N,4,livre
Prof 7,Quarta,N,5,livre
Prof 7,Quinta,M,1,livre
Prof 7,Quinta,M,2,livre
Prof 7,Quinta,M,3,livre
Prof 7,Quinta,M,4,livre
Prof 7,Quinta,M,5,livre
Prof 7,Quinta,T,1,livre
Prof 7,Quinta,T,2,livre
Prof 7,Quinta,T,3,livre
Prof 7,Quinta,T,4,livre
Prof 7,Quinta,T,5,livre
Prof 7,Quinta,N,1,Sistemas Inteligentes (SIN - 5º período)
Prof 7,Quinta,N,2,Sistemas Inteligentes (SIN - 5º período)
Prof 7,Quinta,N,3,Sistemas Inteligentes (SIN - 5º período)
Prof 7,Quinta,N,4,Sistemas Inteligentes (SIN - 5º período)
Prof 7,Quinta,N,5,livre
Prof 7,Sexta,M,1,Tópicos em Ciência de Dados (Optativas - 3º período)
Prof 7,Sexta,M,2,Tópicos em Ciência de Dados (Optativas - 3º período)
Prof 7,Sexta,M,3,Tópicos em Ciência de Dados (Optativas - 3º período)
Prof 7,Sexta,M,4,Tópicos em Ciência de Dados (Optativas - 3º período)
Prof 7,Sexta,M,5,livre
Prof 7,Sexta,T,1,livre
Prof 7,Sexta,T,2,livre
Prof 7,Sexta,T,3,livre
Prof 7,Sexta,T,4,livre
Prof 7,Sexta,T,5,livre
Prof 7,Sexta,N,1,livre
Prof 7,Sexta,N,2,livre
Prof 7,Sexta,N,3,livre
Prof 7,Sexta,N,4,livre
Prof 7,Sexta,N,5,livre
Prof 8,Segunda,M,1,Engenharia de Software II (CCO - 5º período)
Prof 8,Segunda,M,2,Engenharia de Software II (CCO - 5º período)
Prof 8,Segunda,M,3,Engenharia de Software II (CCO - 5º período)
Prof 8,Segunda,M,4,Engenharia de Software II (CCO - 5º período)
Prof 8,Segunda,M,5,livre
Prof 8,Segunda,T,1,livre
Prof 8,Segunda,T,2,livre
Prof 8,Segunda,T,3,livre
Prof 8,Segunda,T,4,livre
Prof 8,Segunda,T,5,livre
Prof 8,Segunda,N,1,Engenharia de Software II (SIN - 3º período)
Prof 8,Segunda,N,2,Engenharia de Software II (SIN - 3º período)
Prof 8,Segunda,N,3,livre
Prof 8,Segunda,N,4,livre
Prof 8,Segunda,N,5,livre
Prof 8,Terça,M,1,livre
Prof 8,Terça,M,2,livre
Prof 8,Terça,M,3,livre
Prof 8,Terça,M,4,livre
Prof 8,Terça,M,5,livre
Prof 8,Terça,T,1,livre
Prof 8,Terça,T,2,livre
Prof 8,Terça,T,3,livre
Prof 8,Terça,T,4,livre
Prof 8,Terça,T,5,livre
Prof 8,Terça,N,1,Engenharia de Software II (SIN - 3º período)
Prof 8,Terça,N,2,Engenharia de Software II (SIN - 3º período)
Prof 8,Terça,N,3,livre
Prof 8,Terça,N,4,livre
Prof 8,Terça,N,5,livre
Prof 8,Quarta,M,1,livre
Prof 8,Quarta,M,2,livre
Prof 8,Quarta,M,3,livre
Prof 8,Quarta,M,4,livre
Prof 8,Quarta,M,5,livre
Prof 8,Quarta,T,1,livre
Prof 8,Quarta,T,2,livre
Prof 8,Quarta,T,3,livre
Prof 8,Quarta,T,4,livre
Prof 8,Quarta,T,5,livre
Prof 8,Quarta,N,1,livre
Prof 8,Quarta,N,2,livre
Prof 8,Quarta,N,3,livre
Prof 8,Quarta,N,4,livre
Prof 8,Quarta,N,5,livre
Prof 8,Quinta,M,1,livre
Prof 8,Quinta,M,2,livre
Prof 8,Quinta,M,3,livre
Prof 8,Quinta,M,4,livre
Prof 8,Quinta,M,5,livre
Prof 8,Quinta,T,1,livre
Prof 8,Quinta,T,2,livre
Prof 8,Quinta,T,3,livre
Prof 8,Quinta,T,4,livre
Prof 8,Quinta,T,5,livre
Prof 8,Quinta,N,1,Governança de TI (SIN - 7º período)
Prof 8,Quinta,N,2,Governança de TI (SIN - 7º período)
Prof 8,Quinta,N,3,Governança de TI (SIN - 7º período)
Prof 8,Quinta,N,4,Governança de TI (SIN - 7º período)
Prof 8,Quinta,N,5,livre
Prof 8,Sexta,M,1,livre
Prof 8,Sexta,M,2,livre
Prof 8,Sexta,M,3,livre
Prof 8,Sexta,M,4,livre
Prof 8,Sexta,M,5,livre
Prof 8,Sexta,T,1,livre
Prof 8,Sexta,T,2,livre
Prof 8,Sexta,T,3,livre
Prof 8,Sexta,T,4,livre
Prof 8,Sexta,T,5,livre
Prof 8,Sexta,N,1,Inteligência de Negócios (SIN - 7º período)
Prof 8,Sexta,N,2,Inteligência de Negócios (SIN - 7º período)
Prof 8,Sexta,N,3,Inteligência de Negócios (SIN - 7º período)
Prof 8,Sexta,N,4,Inteligência de Negócios (SIN - 7º período)
Prof 8,Sexta,N,5,livre
Prof 9,Segunda,M,1,Programação Orientada a Objetos (CCO - 3º período)
Prof 9,Segunda,M,2,Programação Orientada a Objetos (CCO - 3º período)
Prof 9,Segunda,M,3,Programação Orientada a Objetos (CCO - 3º período)
Prof 9,Segunda,M,4,Programação Orientada a Objetos (CCO - 3º período)
Prof 9,Segunda,M,5,livre
Prof 9,Segunda,T,1,livre
Prof 9,Segunda,T,2,livre
Prof 9,Segunda,T,3,livre
Prof 9,Segunda,T,4,livre
Prof 9,Segunda,T,5,livre
Prof 9,Segunda,N,1,livre
Prof 9,Segunda,N,2,livre
Prof 9,Segunda,N,3,livre
Prof 9,Segunda,N,4,livre
Prof 9,Segunda,N,5,Computação Orientada a Objetos I (SIN - 3º período)
Prof 9,Terça,M,1,livre
Prof 9,Terça,M,2,livre
Prof 9,Terça,M,3,livre
Prof 9,Terça,M,4,livre
Prof 9,Terça,M,5,livre
Prof 9,Terça,T,1,livre
Prof 9,Terça,T,2,livre
Prof 9,Terça,T,3,livre
Prof 9,Terça,T,4,livre
Prof 9,Terça,T,5,livre
Prof 9,Terça,N,1,livre
Prof 9,Terça,N,2,livre
Prof 9,Terça,N,3,livre
Prof 9,Terça,N,4,livre
Prof 9,Terça,N,5,Computação Orientada a Objetos I (SIN - 3º período)
Prof 9,Quarta,M,1,livre
Prof 9,Quarta,M,2,livre
Prof 9,Quarta,M,3,livre
Prof 9,Quarta,M,4,livre
Prof 9,Quarta,M,5,livre
Prof 9,Quarta,T,1,livre
Prof 9,Quarta,T,2,livre
Prof 9,Quarta,T,3,livre
Prof 9,Quarta,T,4,livre
Prof 9,Quarta,T,5,livre
Prof 9,Quarta,N,1,livre
Prof 9,Quarta,N,2,livre
Prof 9,Quarta,N,3,livre
Prof 9,Quarta,N,4,livre
Prof 9,Quarta,N,5,Computação Orientada a Objetos I (SIN - 3º período)
Prof 9,Quinta,M,1,livre
Prof 9,Quinta,M,2,livre
Prof 9,Quinta,M,3,livre
Prof 9,Quinta,M,4,livre
Prof 9,Quinta,M,5,livre
Prof 9,Quinta,T,1,livre
Prof 9,Quinta,T,2,livre
Prof 9,Quinta,T,3,livre
Prof 9,Quinta,T,4,livre
Prof 9,Quinta,T,5,livre
Prof 9,Quinta,N,1,livre
Prof 9,Quinta,N,2,livre
Prof 9,Quinta,N,3,livre
Prof 9,Quinta,N,4,livre
Prof 9,Quinta,N,5,Computação Orientada a Objetos I (SIN - 3º período)
Prof 9,Sexta,M,1,Métodos Matemáticos para Análise de Dados (CCO - 3º período)
Prof 9,Sexta,M,2,Métodos Matemáticos para Análise de Dados (CCO - 3º período)
Prof 9,Sexta,M,3,Métodos Matemáticos para Análise de Dados (CCO - 3º período)
Prof 9,Sexta,M,4,Métodos Matemáticos para Análise de Dados (CCO - 3º período)
Prof 9,Sexta,M,5,livre
Prof 9,Sexta,T,1,livre
Prof 9,Sexta,T,2,livre
Prof 9,Sexta,T,3,livre
Prof 9,Sexta,T,4,livre
Prof 9,Sexta,T,5,livre
Prof 9,Sexta,N,1,livre
Prof 9,Sexta,N,2,livre
Prof 9,Sexta,N,3,livre
Prof 9,Sexta,N,4,livre
Prof 9,Sexta,N,5,livre
Prof 10,Segunda,M,1,livre
Prof 10,Segunda,M,2,livre
Prof 10,Segunda,M,3,livre
Prof 10,Segunda,M,4,livre
Prof 10,Segunda,M,5,livre
Prof 10,Segunda,T,1,livre
Prof 10,Segunda,T,2,livre
Prof 10,Segunda,T,3,livre
Prof 10,Segunda,T,4,livre
Prof 10,Segunda,T,5,livre
Prof 10,Segunda,N,1,Desenvolvimento de Aplicações em SI (SIN - 7º período)
Prof 10,Segunda,N,2,Desenvolvimento de Aplicações em SI (SIN - 7º período)
Prof 10,Segunda,N,3,Desenvolvimento de Aplicações em SI (SIN - 7º período)
Prof 10,Segunda,N,4,Desenvolvimento de Aplicações em SI (SIN - 7º período)
Prof 10,Segunda,N,5,Desenvolvimento de Aplicações em SI (SIN - 7º período)
Prof 10,Terça,M,1,livre
Prof 10,Terça,M,2,livre
Prof 10,Terça,M,3,livre
Prof 10,Terça,M,4,livre
Prof 10,Terça,M,5,livre
Prof 10,Terça,T,1,livre
Prof 10,Terça,T,2,livre
Prof 10,Terça,T,3,livre
Prof 10,Terça,T,4,livre
Prof 10,Terça,T,5,livre
Prof 10,Terça,N,1,livre
Prof 10,Terça,N,2,livre
Prof 10,Terça,N,3,Fundamentos de Sistemas de Informação (SIN - 1º período)
Prof 10,Terça,N,4,Fundamentos de Sistemas de Informação (SIN - 1º período)
Prof 10,Terça,N,5,livre
Prof 10,Quarta,M,1,Computação Orientada a Objetos II (CCO - 5º período)
Prof 10,Quarta,M,2,Computação Orientada a Objetos II (CCO - 5º período)
Prof 10,Quarta,M,3,Computação Orientada a Objetos II (CCO - 5º período)
Prof 10,Quarta,M,4,Computação Orientada a Objetos II (CCO - 5º período)
Prof 10,Quarta,M,5,livre
Prof 10,Quarta,T,1,livre
Prof 10,Quarta,T,2,livre
Prof 10,Quarta,T,3,livre
Prof 10,Quarta,T,4,livre
Prof 10,Quarta,T,5,livre
Prof 10,Quarta,N,1,Fundamentos de Sistemas de Informação (SIN - 1º período)
Prof 10,Quarta,N,2,Fundamentos de Sistemas de Informação (SIN - 1º período)
Prof 10,Quarta,N,3,livre
Prof 10,Quarta,N,4,livre
Prof 10,Quarta,N,5,livre
Prof 10,Quinta,M,1,livre
Prof 10,Quinta,M,2,livre
Prof 10,Quinta,M,3,livre
Prof 10,Quinta,M,4,livre
Prof 10,Quinta,M,5,livre
Prof 10,Quinta,T,1,livre
Prof 10,Quinta,T,2,livre
Prof 10,Quinta,T,3,livre
Prof 10,Quinta,T,4,livre
Prof 10,Quinta,T,5,livre
Prof 10,Quinta,N,1,livre
Prof 10,Quinta,N,2,livre
Prof 10,Quinta,N,3,livre
Prof 10,Quinta,N,4,livre
Prof 10,Quinta,N,5,livre
Prof 10,Sexta,M,1,livre
Prof 10,Sexta,M,2,livre
Prof 10,Sexta,M,3,livre
Prof 10,Sexta,M,4,livre
Prof 10,Sexta,M,5,livre
Prof 10,Sexta,T,1,livre
Prof 10,Sexta,T,2,livre
Prof 10,Sexta,T,3,livre
Prof 10,Sexta,T,4,livre
Prof 10,Sexta,T,5,livre
Prof 10,Sexta,N,1,livre
Prof 10,Sexta,N,2,livre
Prof 10,Sexta,N,3,livre
Prof 10,Sexta,N,4,livre
Prof 10,Sexta,N,5,livre
Prof 11,Segunda,M,1,livre
Prof 11,Segunda,M,2,livre
Prof 11,Segunda,M,3,livre
Prof 11,Segunda,M,4,livre
Prof 11,Segunda,M,5,livre
Prof 11,Segunda,T,1,livre
Prof 11,Segunda,T,2,livre
Prof 11,Segunda,T,3,livre
Prof 11,Segunda,T,4,livre
Prof 11,Segunda,T,5,livre
Prof 11,Segunda,N,1,livre
Prof 11,Segunda,N,2,livre
Prof 11,Segunda,N,3,livre
Prof 11,Segunda,N,4,livre
Prof 11,Segunda,N,5,livre
Prof 11,Terça,M,1,livre
Prof 11,Terça,M,2,livre
Prof 11,Terça,M,3,livre
Prof 11,Terça,M,4,livre
Prof 11,Terça,M,5,livre
Prof 11,Terça,T,1,livre
Prof 11,Terça,T,2,livre
Prof 11,Terça,T,3,livre
Prof 11,Terça,T,4,livre
Prof 11,Terça,T,5,livre
Prof 11,Terça,N,1,livre
Prof 11,Terça,N,2,livre
Prof 11,Terça,N,3,livre
Prof 11,Terça,N,4,livre
Prof 11,Terça,N,5,livre
Prof 11,Quarta,M,1,livre
Prof 11,Quarta,M,2,livre
Prof 11,Quarta,M,3,livre
Prof 11,Quarta,M,4,livre
Prof 11,Quarta,M,5,livre
Prof 11,Quarta,T,1,livre
Prof 11,Quarta,T,2,livre
Prof 11,Quarta,T,3,livre
Prof 11,Quarta,T,4,livre
Prof 11,Quarta,T,5,livre
Prof 11,Quarta,N,1,livre
Prof 11,Quarta,N,2,livre
Prof 11,Quarta,N,3,livre
Prof 11,Quarta,N,4,livre
Prof 11,Quarta,N,5,livre
Prof 11,Quinta,M,1,livre
Prof 11,Quinta,M,2,livre
Prof 11,Quinta,M,3,livre
Prof 11,Quinta,M,4,livre
Prof 11,Quinta,M,5,livre
Prof 11,Quinta,T,1,livre
Prof 11,Quinta,T,2,livre
Prof 11,Quinta,T,3,livre
Prof 11,Quinta,T,4,livre
Prof 11,Quinta,T,5,livre
Prof 11,Quinta,N,1,Organização e Arquitetura de Computadores (SIN - 3º período)
Prof 11,Quinta,N,2,Organização e Arquitetura de Computadores (SIN - 3º período)
Prof 11,Quinta,N,3,Organização e Arquitetura de Computadores (SIN - 3º período)
Prof 11,Quinta,N,4,Organização e Arquitetura de Computadores (SIN - 3º período)
Prof 11,Quinta,N,5,livre
Prof 11,Sexta,M,1,Fundamentos de Programação (MBA) (Outros Cursos - 1º período)
Prof 11,Sexta,M,2,Fundamentos de Programação (MBA) (Outros Cursos - 1º período)
Prof 11,Sexta,M,3,Fundamentos de Programação (MBA) (Outros Cursos - 1º período)
Prof 11,Sexta,M,4,Fundamentos de Programação (MBA) (Outros Cursos - 1º período)
Prof 11,Sexta,M,5,livre
Prof 11,Sexta,T,1,livre
Prof 11,Sexta,T,2,livre
Prof 11,Sexta,T,3,livre
Prof 11,Sexta,T,4,livre
Prof 11,Sexta,T,5,livre
Prof 11,Sexta,N,1,livre
Prof 11,Sexta,N,2,livre
Prof 11,Sexta,N,3,livre
Prof 11,Sexta,N,4,livre
Prof 11,Sexta,N,5,livre
Prof 12,Segunda,M,1,Fundamentos de Programação (CCO - 1º período)
Prof 12,Segunda,M,2,Fundamentos de Programação (CCO - 1º período)
Prof 12,Segunda,M,3,Fundamentos de Programação (CCO - 1º período)
Prof 12,Segunda,M,4,Fundamentos de Programação (CCO - 1º período)
Prof 12,Segunda,M,5,livre
Prof 12,Segunda,T,1,livre
Prof 12,Segunda,T,2,livre
Prof 12,Segunda,T,3,livre
Prof 12,Segunda,T,4,livre
Prof 12,Segunda,T,5,livre
Prof 12,Segunda,N,1,livre
Prof 12,Segunda,N,2,livre
Prof 12,Segunda,N,3,livre
Prof 12,Segunda,N,4,livre
Prof 12,Segunda,N,5,livre
Prof 12,Terça,M,1,Visão Computacional (Pós Graduação - 5º período)
Prof 12,Terça,M,2,Visão Computacional (Pós Graduação - 5º período)
Prof 12,Terça,M,3,Visão Computacional (Pós Graduação - 5º período)
Prof 12,Terça,M,4,Visão Computacional (Pós Graduação - 5º período)
Prof 12,Terça,M,5,livre
Prof 12,Terça,T,1,livre
Prof 12,Terça,T,2,livre
Prof 12,Terça,T,3,livre
Prof 12,Terça,T,4,livre
Prof 12,Terça,T,5,livre
Prof 12,Terça,N,1,livre
Prof 12,Terça,N,2,livre
Prof 12,Terça,N,3,livre
Prof 12,Terça,N,4,livre
Prof 12,Terça,N,5,livre
Prof 12,Quarta,M,1,livre
Prof 12,Quarta,M,2,livre
Prof 12,Quarta,M,3,livre
Prof 12,Quarta,M,4,livre
Prof 12,Quarta,M,5,livre
Prof 12,Quarta,T,1,livre
Prof 12,Quarta,T,2,livre
Prof 12,Quarta,T,3,livre
Prof 12,Quarta,T,4,livre
Prof 12,Quarta,T,5,livre
Prof 12,Quarta,N,1,livre
Prof 12,Quarta,N,2,livre
Prof 12,Quarta,N,3,livre
Prof 12,Quarta,N,4,livre
Prof 12,Quarta,N,5,livre
Prof 12,Quinta,M,1,Banco de Dados I (CCO - 5º período)
Prof 12,Quinta,M,2,Banco de Dados I (CCO - 5º período)
Prof 12,Quinta,M,3,Banco de Dados I (CCO - 5º período)
Prof 12,Quinta,M,4,Banco de Dados I (CCO - 5º período)
Prof 12,Quinta,M,5,livre
Prof 12,Quinta,T,1,livre
Prof 12,Quinta,T,2,livre
Prof 12,Quinta,T,3,livre
Prof 12,Quinta,T,4,livre
Prof 12,Quinta,T,5,livre
Prof 12,Quinta,N,1,livre
Prof 12,Quinta,N,2,livre
Prof 12,Quinta,N,3,livre
Prof 12,Quinta,N,4,livre
Prof 12,Quinta,N,5,livre
Prof 12,Sexta,M,1,livre
Prof 12,Sexta,M,2,livre
Prof 12,Sexta,M,3,livre
Prof 12,Sexta,M,4,livre
Prof 12,Sexta,M,5,livre
Prof 12,Sexta,T,1,livre
Prof 12,Sexta,T,2,livre
Prof 12,Sexta,T,3,livre
Prof 12,Sexta,T,4,livre
Prof 12,Sexta,T,5,livre
Prof 12,Sexta,N,1,livre
Prof 12,Sexta,N,2,livre
Prof 12,Sexta,N,3,livre
Prof 12,Sexta,N,4,livre
Prof 12,Sexta,N,5,livre
Prof 13,Segunda,M,1,livre
Prof 13,Segunda,M,2,livre
Prof 13,Segunda,M,3,livre
Prof 13,Segunda,M,4,livre
Prof 13,Segunda,M,5,livre
Prof 13,Segunda,T,1,livre
Prof 13,Segunda,T,2,livre
Prof 13,Segunda,T,3,livre
Prof 13,Segunda,T,4,livre
Prof 13,Segunda,T,5,livre
Prof 13,Segunda,N,1,livre
Prof 13,Segunda,N,2,livre
Prof 13,Segunda,N,3,livre
Prof 13,Segunda,N,4,livre
Prof 13,Segunda,N,5,livre
Prof 13,Terça,M,1,Arquitetura de Computadores I (CCO - 1º período)
Prof 13,Terça,M,2,Arquitetura de Computadores I (CCO - 1º período)
Prof 13,Terça,M,3,Arquitetura de Computadores I (CCO - 1º período)
Prof 13,Terça,M,4,Arquitetura de Computadores I (CCO - 1º período)
Prof 13,Terça,M,5,livre
Prof 13,Terça,T,1,livre
Prof 13,Terça,T,2,livre
Prof 13,Terça,T,3,livre
Prof 13,Terça,T,4,livre
Prof 13,Terça,T,5,livre
Prof 13,Terça,N,1,livre
Prof 13,Terça,N,2,livre
Prof 13,Terça,N,3,livre
Prof 13,Terça,N,4,livre
Prof 13,Terça,N,5,livre
Prof 13,Quarta,M,1,Sistemas Operacionais (CCO - 3º período)
Prof 13,Quarta,M,2,Sistemas Operacionais (CCO - 3º período)
Prof 13,Quarta,M,3,Sistemas Operacionais (CCO - 3º período)
Prof 13,Quarta,M,4,Sistemas Operacionais (CCO - 3º período)
Prof 13,Quarta,M,5,livre
Prof 13,Quarta,T,1,livre
Prof 13,Quarta,T,2,livre
Prof 13,Quarta,T,3,livre
Prof 13,Quarta,T,4,livre
Prof 13,Quarta,T,5,livre
Prof 13,Quarta,N,1,livre
Prof 13,Quarta,N,2,livre
Prof 13,Quarta,N,3,livre
Prof 13,Quarta,N,4,livre
Prof 13,Quarta,N,5,livre
Prof 13,Quinta,M,1,Visualização da Informação (Pós Graduação - 4º período)
Prof 13,Quinta,M,2,Visualização da Informação (Pós Graduação - 4º período)
Prof 13,Quinta,M,3,Visualização da Informação (Pós Graduação - 4º período)
Prof 13,Quinta,M,4,Visualização da Informação (Pós Graduação - 4º período)
Prof 13,Quinta,M,5,livre
Prof 13,Quinta,T,1,livre
Prof 13,Quinta,T,2,livre
Prof 13,Quinta,T,3,livre
Prof 13,Quinta,T,4,livre
Prof 13,Quinta,T,5,livre
Prof 13,Quinta,N,1,livre
Prof 13,Quinta,N,2,livre
Prof 13,Quinta,N,3,livre
Prof 13,Quinta,N,4,livre
Prof 13,Quinta,N,5,livre
Prof 13,Sexta,M,1,livre
Prof 13,Sexta,M,2,livre
Prof 13,Sexta,M,3,livre
Prof 13,Sexta,M,4,livre
Prof 13,Sexta,M,5,livre
Prof 13,Sexta,T,1,livre
Prof 13,Sexta,T,2,livre
Prof 13,Sexta,T,3,livre
Prof 13,Sexta,T,4,livre
Prof 13,Sexta,T,5,livre
Prof 13,Sexta,N,1,livre
Prof 13,Sexta,N,2,livre
Prof 13,Sexta,N,3,livre
Prof 13,Sexta,N,4,livre
Prof 13,Sexta,N,5,livre
Prof 14,Segunda,M,1,livre
Prof 14,Segunda,M,2,livre
Prof 14,Segunda,M,3,livre
Prof 14,Segunda,M,4,livre
Prof 14,Segunda,M,5,livre
Prof 14,Segunda,T,1,livre
Prof 14,Segunda,T,2,livre
Prof 14,Segunda,T,3,livre
Prof 14,Segunda,T,4,livre
Prof 14,Segunda,T,5,livre
Prof 14,Segunda,N,1,livre
Prof 14,Segunda,N,2,livre
Prof 14,Segunda,N,3,Algoritmos e Programação II (SIN - 3º período)
Prof 14,Segunda,N,4,Algoritmos e Programação II (SIN - 3º período)
Prof 14,Segunda,N,5,livre
Prof 14,Terça,M,1,livre
Prof 14,Terça,M,2,livre
Prof 14,Terça,M,3,livre
Prof 14,Terça,M,4,livre
Prof 14,Terça,M,5,livre
Prof 14,Terça,T,1,livre
Prof 14,Terça,T,2,livre
Prof 14,Terça,T,3,livre
Prof 14,Terça,T,4,livre
Prof 14,Terça,T,5,livre
Prof 14,Terça,N,1,livre
Prof 14,Terça,N,2,livre
Prof 14,Terça,N,3,livre
Prof 14,Terça,N,4,livre
Prof 14,Terça,N,5,livre
Prof 14,Quarta,M,1,livre
Prof 14,Quarta,M,2,livre
Prof 14,Quarta,M,3,livre
Prof 14,Quarta,M,4,livre
Prof 14,Quarta,M,5,livre
Prof 14,Quarta,T,1,livre
Prof 14,Quarta,T,2,livre
Prof 14,Quarta,T,3,livre
Prof 14,Quarta,T,4,livre
Prof 14,Quarta,T,5,livre
Prof 14,Quarta,N,1,livre
Prof 14,Quarta,N,2,livre
Prof 14,Quarta,N,3,Algoritmos e Programação II (SIN - 3º período)
Prof 14,Quarta,N,4,Algoritmos e Programação II (SIN - 3º período)
Prof 14,Quarta,N,5,livre
Prof 14,Quinta,M,1,Design Patterns (Pós Graduação - 3º período)
Prof 14,Quinta,M,2,Design Patterns (Pós Graduação - 3º período)
Prof 14,Quinta,M,3,Design Patterns (Pós Graduação - 3º período)
Prof 14,Quinta,M,4,Design Patterns (Pós Graduação - 3º período)
Prof 14,Quinta,M,5,Análise e Projeto de Algoritmos II (CCO - 5º período)
Prof 14,Quinta,T,1,livre
Prof 14,Quinta,T,2,livre
Prof 14,Quinta,T,3,Análise e Projeto de Algoritmos II (CCO - 5º período)
Prof 14,Quinta,T,4,Análise e Projeto de Algoritmos II (CCO - 5º período)
Prof 14,Quinta,T,5,livre
Prof 14,Quinta,N,1,livre
Prof 14,Quinta,N,2,livre
Prof 14,Quinta,N,3,livre
Prof 14,Quinta,N,4,livre
Prof 14,Quinta,N,5,livre
Prof 14,Sexta,M,1,livre
Prof 14,Sexta,M,2,livre
Prof 14,Sexta,M,3,livre
Prof 14,Sexta,M,4,livre
Prof 14,Sexta,M,5,livre
Prof 14,Sexta,T,1,livre
Prof 14,Sexta,T,2,livre
Prof 14,Sexta,T,3,livre
Prof 14,Sexta,T,4,livre
Prof 14,Sexta,T,5,livre
Prof 14,Sexta,N,1,livre
Prof 14,Sexta,N,2,livre
Prof 14,Sexta,N,3,livre
Prof 14,Sexta,N,4,livre
Prof 14,Sexta,N,5,livre
Prof 15,Segunda,M,1,Desenvolvimento de Sistemas na Web (CCO - 7º período)
Prof 15,Segunda,M,2,Desenvolvimento de Sistemas na Web (CCO - 7º período)
Prof 15,Segunda,M,3,Desenvolvimento de Sistemas na Web (CCO - 7º período)
Prof 15,Segunda,M,4,Desenvolvimento de Sistemas na Web (CCO - 7º período)
Prof 15,Segunda,M,5,Desenvolvimento de Sistemas na Web (CCO - 7º período)
Prof 15,Segunda,T,1,livre
Prof 15,Segunda,T,2,livre
Prof 15,Segunda,T,3,livre
Prof 15,Segunda,T,4,livre
Prof 15,Segunda,T,5,livre
Prof 15,Segunda,N,1,Fundamentos de Programação (SIN - 1º período)
Prof 15,Segunda,N,2,Fundamentos de Programação (SIN - 1º período)
Prof 15,Segunda,N,3,livre
Prof 15,Segunda,N,4,livre
Prof 15,Segunda,N,5,livre
Prof 15,Terça,M,1,livre
Prof 15,Terça,M,2,livre
Prof 15,Terça,M,3,livre
Prof 15,Terça,M,4,livre
Prof 15,Terça,M,5,livre
Prof 15,Terça,T,1,livre
Prof 15,Terça,T,2,livre
Prof 15,Terça,T,3,livre
Prof 15,Terça,T,4,livre
Prof 15,Terça,T,5,livre
Prof 15,Terça,N,1,Fundamentos de Programação (SIN - 1º período)
Prof 15,Terça,N,2,Fundamentos de Programação (SIN - 1º período)
Prof 15,Terça,N,3,Programação Web (SIN - 3º período)
Prof 15,Terça,N,4,Programação Web (SIN - 3º período)
Prof 15,Terça,N,5,livre
Prof 15,Quarta,M,1,livre
Prof 15,Quarta,M,2,livre
Prof 15,Quarta,M,3,livre
Prof 15,Quarta,M,4,livre
Prof 15,Quarta,M,5,livre
Prof 15,Quarta,T,1,livre
Prof 15,Quarta,T,2,livre
Prof 15,Quarta,T,3,livre
Prof 15,Quarta,T,4,livre
Prof 15,Quarta,T,5,livre
Prof 15,Quarta,N,1,Programação Web (SIN - 3º período)
Prof 15,Quarta,N,2,Programação Web (SIN - 3º período)
Prof 15,Quarta,N,3,livre
Prof 15,Quarta,N,4,livre
Prof 15,Quarta,N,5,livre
Prof 15,Quinta,M,1,livre
Prof 15,Quinta,M,2,livre
Prof 15,Quinta,M,3,livre
Prof 15,Quinta,M,4,livre
Prof 15,Quinta,M,5,livre
Prof 15,Quinta,T,1,livre
Prof 15,Quinta,T,2,livre
Prof 15,Quinta,T,3,livre
Prof 15,Quinta,T,4,livre
Prof 15,Quinta,T,5,livre
Prof 15,Quinta,N,1,livre
Prof 15,Quinta,N,2,livre
Prof 15,Quinta,N,3,livre
Prof 15,Quinta,N,4,livre
Prof 15,Quinta,N,5,livre
Prof 15,Sexta,M,1,livre
Prof 15,Sexta,M,2,livre
Prof 15,Sexta,M,3,livre
Prof 15,Sexta,M,4,livre
Prof 15,Sexta,M,5,livre
Prof 15,Sexta,T,1,livre
Prof 15,Sexta,T,2,livre
Prof 15,Sexta,T,3,livre
Prof 15,Sexta,T,4,livre
Prof 15,Sexta,T,5,livre
Prof 15,Sexta,N,1,livre
Prof 15,Sexta,N,2,livre
Prof 15,Sexta,N,3,livre
Prof 15,Sexta,N,4,livre
Prof 15,Sexta,N,5,livre
Prof 16,Segunda,M,1,livre
Prof 16,Segunda,M,2,livre
Prof 16,Segunda,M,3,livre
Prof 16,Segunda,M,4,livre
Prof 16,Segunda,M,5,livre
Prof 16,Segunda,T,1,Algoritmos em Grafos (CCO - 3º período)
Prof 16,Segunda,T,2,Algoritmos em Grafos (CCO - 3º período)
Prof 16,Segunda,T,3,Algoritmos em Grafos (CCO - 3º período)
Prof 16,Segunda,T,4,Algoritmos em Grafos (CCO - 3º período)
Prof 16,Segunda,T,5,livre
Prof 16,Segunda,N,1,livre
Prof 16,Segunda,N,2,livre
Prof 16,Segunda,N,3,livre
Prof 16,Segunda,N,4,livre
Prof 16,Segunda,N,5,livre
Prof 16,Terça,M,1,livre
Prof 16,Terça,M,2,livre
Prof 16,Terça,M,3,livre
Prof 16,Terça,M,4,livre
Prof 16,Terça,M,5,livre
Prof 16,Terça,T,1,livre
Prof 16,Terça,T,2,livre
Prof 16,Terça,T,3,livre
Prof 16,Terça,T,4,livre
Prof 16,Terça,T,5,livre
Prof 16,Terça,N,1,livre
Prof 16,Terça,N,2,livre
Prof 16,Terça,N,3,livre
Prof 16,Terça,N,4,livre
Prof 16,Terça,N,5,livre
Prof 16,Quarta,M,1,livre
Prof 16,Quarta,M,2,livre
Prof 16,Quarta,M,3,livre
Prof 16,Quarta,M,4,livre
Prof 16,Quarta,M,5,livre
Prof 16,Quarta,T,1,livre
Prof 16,Quarta,T,2,livre
Prof 16,Quarta,T,3,livre
Prof 16,Quarta,T,4,livre
Prof 16,Quarta,T,5,livre
Prof 16,Quarta,N,1,livre
Prof 16,Quarta,N,2,livre
Prof 16,Quarta,N,3,livre
Prof 16,Quarta,N,4,livre
Prof 16,Quarta,N,5,livre
Prof 16,Quinta,M,1,livre
Prof 16,Quinta,M,2,livre
Prof 16,Quinta,M,3,Projeto Integrado (CCO - 1º período)
Prof 16,Quinta,M,4,Projeto Integrado (CCO - 1º período)
Prof 16,Quinta,M,5,livre
Prof 16,Quinta,T,1,livre
Prof 16,Quinta,T,2,livre
Prof 16,Quinta,T,3,livre
Prof 16,Quinta,T,4,livre
Prof 16,Quinta,T,5,livre
Prof 16,Quinta,N,1,livre
Prof 16,Quinta,N,2,livre
Prof 16,Quinta,N,3,livre
Prof 16,Quinta,N,4,livre
Prof 16,Quinta,N,5,livre
Prof 16,Sexta,M,1,Sistemas Distribuídos (CCO - 7º período)
Prof 16,Sexta,M,2,Sistemas Distribuídos (CCO - 7º período)
Prof 16,Sexta,M,3,Sistemas Distribuídos (CCO - 7º período)
Prof 16,Sexta,M,4,Sistemas Distribuídos (CCO - 7º período)
Prof 16,Sexta,M,5,livre
Prof 16,Sexta,T,1,livre
Prof 16,Sexta,T,2,livre
Prof 16,Sexta,T,3,livre
Prof 16,Sexta,T,4,livre
Prof 16,Sexta,T,5,livre
Prof 16,Sexta,N,1,livre
Prof 16,Sexta,N,2,livre
Prof 16,Sexta,N,3,livre
Prof 16,Sexta,N,4,livre
Prof 16,Sexta,N,5,livre
Prof 17,Segunda,M,1,Redes Complexas (Optativas - 3º período)
Prof 17,Segunda,M,2,Redes Complexas (Optativas - 3º período)
Prof 17,Segunda,M,3,Redes Complexas (Optativas - 3º período)
Prof 17,Segunda,M,4,Redes Complexas (Optativas - 3º período)
Prof 17,Segunda,M,5,livre
Prof 17,Segunda,T,1,livre
Prof 17,Segunda,T,2,livre
Prof 17,Segunda,T,3,livre
Prof 17,Segunda,T,4,livre
Prof 17,Segunda,T,5,livre
Prof 17,Segunda,N,1,livre
Prof 17,Segunda,N,2,livre
Prof 17,Segunda,N,3,livre
Prof 17,Segunda,N,4,livre
Prof 17,Segunda,N,5,livre
Prof 17,Terça,M,1,livre
Prof 17,Terça,M,2,livre
Prof 17,Terça,M,3,livre
Prof 17,Terça,M,4,livre
Prof 17,Terça,M,5,livre
Prof 17,Terça,T,1,livre
Prof 17,Terça,T,2,livre
Prof 17,Terça,T,3,livre
Prof 17,Terça,T,4,livre
Prof 17,Terça,T,5,livre
Prof 17,Terça,N,1,livre
Prof 17,Terça,N,2,livre
Prof 17,Terça,N,3,livre
Prof 17,Terça,N,4,livre
Prof 17,Terça,N,5,livre
Prof 17,Quarta,M,1,livre
Prof 17,Quarta,M,2,livre
Prof 17,Quarta,M,3,livre
Prof 17,Quarta,M,4,livre
Prof 17,Quarta,M,5,livre
Prof 17,Quarta,T,1,livre
Prof 17,Quarta,T,2,livre
Prof 17,Quarta,T,3,livre
Prof 17,Quarta,T,4,livre
Prof 17,Quarta,T,5,livre
Prof 17,Quarta,N,1,livre
Prof 17,Quarta,N,2,livre
Prof 17,Quarta,N,3,livre
Prof 17,Quarta,N,4,livre
Prof 17,Quarta,N,5,livre
Prof 17,Quinta,M,1,livre
Prof 17,Quinta,M,2,livre
Prof 17,Quinta,M,3,livre
Prof 17,Quinta,M,4,livre
Prof 17,Quinta,M,5,livre
Prof 17,Quinta,T,1,livre
Prof 17,Quinta,T,2,livre
Prof 17,Quinta,T,3,livre
Prof 17,Quinta,T,4,livre
Prof 17,Quinta,T,5,livre
Prof 17,Quinta,N,1,livre
Prof 17,Quinta,N,2,livre
Prof 17,Quinta,N,3,livre
Prof 17,Quinta,N,4,livre
Prof 17,Quinta,N,5,livre
Prof 17,Sexta,M,1,livre
Prof 17,Sexta,M,2,livre
Prof 17,Sexta,M,3,livre
Prof 17,Sexta,M,4,livre
Prof 17,Sexta,M,5,livre
Prof 17,Sexta,T,1,livre
Prof 17,Sexta,T,2,livre
Prof 17,Sexta,T,3,livre
Prof 17,Sexta,T,4,livre
Prof 17,Sexta,T,5,livre
Prof 17,Sexta,N,1,livre
Prof 17,Sexta,N,2,livre
Prof 17,Sexta,N,3,livre
Prof 17,Sexta,N,4,livre
Prof 17,Sexta,N,5,livre
Prof 18,Segunda,M,1,livre
Prof 18,Segunda,M,2,livre
Prof 18,Segunda,M,3,livre
Prof 18,Segunda,M,4,livre
Prof 18,Segunda,M,5,livre
Prof 18,Segunda,T,1,livre
Prof 18,Segunda,T,2,livre
Prof 18,Segunda,T,3,livre
Prof 18,Segunda,T,4,livre
Prof 18,Segunda,T,5,livre
Prof 18,Segunda,N,1,livre
Prof 18,Segunda,N,2,livre
Prof 18,Segunda,N,3,livre
Prof 18,Segunda,N,4,livre
Prof 18,Segunda,N,5,livre
Prof 18,Terça,M,1,livre
Prof 18,Terça,M,2,livre
Prof 18,Terça,M,3,livre
Prof 18,Terça,M,4,livre
Prof 18,Terça,M,5,livre
Prof 18,Terça,T,1,livre
Prof 18,Terça,T,2,livre
Prof 18,Terça,T,3,livre
Prof 18,Terça,T,4,livre
Prof 18,Terça,T,5,livre
Prof 18,Terça,N,1,Banco de Dados II (SIN - 5º período)
Prof 18,Terça,N,2,Banco de Dados II (SIN - 5º período)
Prof 18,Terça,N,3,livre
Prof 18,Terça,N,4,livre
Prof 18,Terça,N,5,livre
Prof 18,Quarta,M,1,livre
Prof 18,Quarta,M,2,livre
Prof 18,Quarta,M,3,livre
Prof 18,Quarta,M,4,livre
Prof 18,Quarta,M,5,livre
Prof 18,Quarta,T,1,livre
Prof 18,Quarta,T,2,livre
Prof 18,Quarta,T,3,livre
Prof 18,Quarta,T,4,livre
Prof 18,Quarta,T,5,livre
Prof 18,Quarta,N,1,livre
Prof 18,Quarta,N,2,livre
Prof 18,Quarta,N,3,livre
Prof 18,Quarta,N,4,livre
Prof 18,Quarta,N,5,livre
Prof 18,Quinta,M,1,Algoritmos e Estrutura de Dados II (CCO - 3º período)
Prof 18,Quinta,M,2,Algoritmos e Estrutura de Dados II (CCO - 3º período)
Prof 18,Quinta,M,3,Algoritmos e Estrutura de Dados II (CCO - 3º período)
Prof 18,Quinta,M,4,Algoritmos e Estrutura de Dados II (CCO - 3º período)
Prof 18,Quinta,M,5,livre
Prof 18,Quinta,T,1,livre
Prof 18,Quinta,T,2,livre
Prof 18,Quinta,T,3,livre
Prof 18,Quinta,T,4,livre
Prof 18,Quinta,T,5,livre
Prof 18,Quinta,N,1,livre
Prof 18,Quinta,N,2,livre
Prof 18,Quinta,N,3,livre
Prof 18,Quinta,N,4,livre
Prof 18,Quinta,N,5,livre
Prof 18,Sexta,M,1,livre
Prof 18,Sexta,M,2,livre
Prof 18,Sexta,M,3,livre
Prof 18,Sexta,M,4,livre
Prof 18,Sexta,M,5,livre
Prof 18,Sexta,T,1,livre
Prof 18,Sexta,T,2,livre
Prof 18,Sexta,T,3,livre
Prof 18,Sexta,T,4,livre
Prof 18,Sexta,T,5,livre
Prof 18,Sexta,N,1,livre
Prof 18,Sexta,N,2,livre
Prof 18,Sexta,N,3,Banco de Dados II (SIN - 5º período)
Prof 18,Sexta,N,4,Banco de Dados II (SIN - 5º período)
Prof 18,Sexta,N,5,livre
